y_true,y_pred
1.7999999929730608,1.730447890904631
1.8999999993809877,1.7353125143977408
1.3000000290565032,1.7848111506801303
1.2000000150793455,1.5124413896504467
1.1000000011021878,1.3754248096304058
1.1000000011021878,1.2867056743886627
1.2000000150793455,1.2459582647877325
1.1000000011021878,1.2653404609142467
1.2000000150793455,1.2222530690434077
1.3999999824798148,1.235550148634317
1.3999999824798148,1.329172813215207
1.4999999964569724,1.3639985411108118
1.3000000290565032,1.4185894076548595
1.2000000150793455,1.346231921594839
1.1000000011021878,1.2732444333213224
1.1000000011021878,1.2054488923553195
1.3000000290565032,1.1788662989580816
1.60000001043413,1.2565513123867476
1.3000000290565032,1.4322739107522995
1.1000000011021878,1.3531063575126934
1.1000000011021878,1.225878609463309
1.1000000011021878,1.179366715941197
1.60000001043413,1.1660180444735193
1.1000000011021878,1.3903860300163264
1.1000000011021878,1.251712091232023
1.2000000150793455,1.1815390246116082
1.2000000150793455,1.2040379271903183
1.2000000150793455,1.217747075703069
1.3999999824798148,1.2203333304645472
1.3999999824798148,1.310672038870666
1.2000000150793455,1.3490056510634474
1.1000000011021878,1.2691502061335957
1.2000000150793455,1.1933089967609414
2.799999996498484,1.2100286402800524
4.800000033826253,2.0813464680681433
4.599999884764245,3.7767133070475585
2.6000000290980143,3.6029771775991284
2.699999982521326,2.1667755009197487
2.200000003466307,2.3406248660601467
2.2999999871665415,2.2353775434217957
2.4000000011436993,2.3167594145624566
2.200000003466307,2.4150168099602225
1.7999999929730608,2.3248450182305263
2.2999999871665415,2.082649450587314
2.200000003466307,2.2692974009201157
2.500000015120857,2.2655407311467615
2.200000003466307,2.4177124855213727
2.4000000011436993,2.2734359535230944
2.500000015120857,2.346473852873383
2.6000000290980143,2.4281275350901517
2.6000000290980143,2.5050772734440985
2.2999999871665415,2.5223815037922264
2.200000003466307,2.358035640900263
3.000000024452799,2.2763240692067446
4.099999996539996,2.7442084077426507
5.10000001520388,3.6047578239937907
5.10000001520388,4.378975924811414
6.999999978000645,4.207028919296082
3.5000000337847412,5.741850436418296
1.4999999964569724,2.8230934772907963
1.4999999964569724,2.191583245953076
1.3999999824798148,2.071156709083304
1.2000000150793455,1.9722481365490283
1.3000000290565032,1.7950337904033324
1.2000000150793455,1.7041842951679755
1.1000000011021878,1.580227786985708
1.60000001043413,1.4423619998297512
1.2000000150793455,1.5819825768881401
1.2000000150793455,1.4398367833450134
1.2000000150793455,1.3523574275457078
1.2000000150793455,1.3101586028106667
1.3000000290565032,1.2861507589441723
1.3000000290565032,1.3140213931990874
1.2000000150793455,1.3208619189631974
1.3000000290565032,1.2721106231093366
1.2000000150793455,1.2929825649544622
1.2000000150793455,1.2583848828427895
3.399999959253738,1.2404022072043874
6.400000015245391,2.4816797517911593
5.899999884805757,5.005702175240398
5.59999990342813,4.3219484926131315
5.699999977959134,3.9571453596759163
5.699999977959134,4.283108771375714
4.800000033826253,4.453263140834881
1.60000001043413,3.906405354412633
1.8999999993809877,2.4185458578265666
1.7999999929730608,2.361544009628208
1.7999999929730608,2.320517991781959
1.8999999993809877,2.2661013689296965
1.8999999993809877,2.2446378160094214
1.8999999993809877,2.1888744453458115
1.7999999929730608,2.1264021021484663
2.0000000001119917,2.02119736021768
1.7999999929730608,2.064974199255683
1.8999999993809877,1.9576664828081236
2.0000000001119917,1.956122995551212
1.8999999993809877,2.000799869109594
1.8999999993809877,1.9517699082411841
2.200000003466307,1.9285668893261234
1.8999999993809877,2.0823852238804137
1.7999999929730608,1.9616766991037946
1.8999999993809877,1.8702208517164092
1.8999999993809877,1.8978651962489257
1.7999999929730608,1.9079110792957346
1.7999999929730608,1.8541931418567625
2.799999996498484,1.833082890350813
3.0999999778761107,2.3993429919148994
1.4999999964569724,2.7301570088924643
1.3999999824798148,1.8566571384032224
1.3000000290565032,1.6341494729779158
1.3000000290565032,1.541506206301782
1.3999999824798148,1.5011084346074959
1.3999999824798148,1.5159452168399434
1.3000000290565032,1.5057911846242278
1.3000000290565032,1.4379017246431216
1.3000000290565032,1.3973867207030333
1.4999999964569724,1.3743333265567546
1.2000000150793455,1.4522971298922769
1.4999999964569724,1.3403670393970353
1.3999999824798148,1.4239429731772728
1.4999999964569724,1.415706015171195
1.6999999941343646,1.4533061386277137
1.4999999964569724,1.5677526653000273
1.3000000290565032,1.510670855748062
1.4999999964569724,1.3949771620641023
3.399999959253738,1.449813211130492
3.599999987208053,2.597897962888931
3.000000024452799,3.0006491011277765
1.3999999824798148,2.560373531739878
1.3999999824798148,1.717935770819061
3.399999959253738,1.5899549145873189
1.6999999941343646,2.7318326549182106
1.6999999941343646,2.018057378380939
1.60000001043413,1.8449379860691215
1.3000000290565032,1.767678317993027
1.3999999824798148,1.5983903075466477
1.3000000290565032,1.563114543467777
1.3999999824798148,1.493690406814348
1.2000000150793455,1.4935470153070856
1.3999999824798148,1.3905497070619897
1.3000000290565032,1.4237046332395256
1.6999999941343646,1.3877163926089446
1.3999999824798148,1.5540679199872032
1.3000000290565032,1.4696243101480282
1.3999999824798148,1.381389121243296
1.6999999941343646,1.3971374205191651
1.7999999929730608,1.5539333087876068
3.800000015162368,1.6633287363981386
3.89999996858568,2.9478165366092273
3.699999940631365,3.2212820648971645
4.800000033826253,3.014042219118398
4.599999884764245,3.899439724402744
3.800000015162368,3.741114427646579
3.599999987208053,3.2323344739717257
1.4999999964569724,3.2755236568576436
1.60000001043413,2.270752479561908
1.60000001043413,2.0940241575070626
1.8999999993809877,2.0304339562515303
1.3000000290565032,2.1219336824695536
1.3000000290565032,1.8273918431063343
1.4999999964569724,1.6630862182450195
1.3999999824798148,1.66609174783601
1.3000000290565032,1.6005154447710466
1.2000000150793455,1.5013981242066277
1.4999999964569724,1.3987338015605335
1.2000000150793455,1.482022952326246
1.3999999824798148,1.3721866927170356
1.3999999824798148,1.401914210658692
1.3999999824798148,1.4148343425584233
1.7999999929730608,1.412791498010701
1.60000001043413,1.6055706917712773
1.2000000150793455,1.5751735694008588
1.3000000290565032,1.370866194997917
1.3999999824798148,1.3426611824055428
1.3999999824798148,1.3892195207275155
2.4000000011436993,1.407215942088953
1.60000001043413,1.937737757944786
2.0000000001119917,1.6702212173620927
2.6000000290980143,1.7885745419303873
2.699999982521326,2.1994106782988427
1.7999999929730608,2.3676445673945357
1.4999999964569724,1.8949999245036686
1.3999999824798148,1.6680755523839093
1.3999999824798148,1.5756196998610599
1.3999999824798148,1.5462469669029555
1.4999999964569724,1.5271083788987878
2.200000003466307,1.5538055401726052
1.3999999824798148,1.9191879463388535
1.4999999964569724,1.6144761945138124
1.60000001043413,1.546777327762904
1.4999999964569724,1.5859160336148106
1.4999999964569724,1.5534291677429641
1.6999999941343646,1.5357230717960408
1.8999999993809877,1.6259819702331684
1.7999999929730608,1.7613002722275308
1.60000001043413,1.7489503758953209
1.3999999824798148,1.642511777445156
1.4999999964569724,1.517445196158524
1.3000000290565032,1.5246644862291907
1.3000000290565032,1.4381710681500066
1.4999999964569724,1.3966246505514714
2.0999999970583803,1.4709779913747396
2.9000000104756416,1.8082529826098597
2.799999996498484,2.397269113521116
3.0999999778761107,2.438376909336351
3.000000024452799,2.6351686128695144
2.6000000290980143,2.6274894163386877
2.799999996498484,2.4274260187845624
2.799999996498484,2.5785847375929793
2.699999982521326,2.6519475386038325
1.8999999993809877,2.628942405872794
2.699999982521326,2.2023491899208034
2.799999996498484,2.55463230049555
2.9000000104756416,2.7194716772321876
2.799999996498484,2.796973999707555
2.699999982521326,2.743498777221701
2.9000000104756416,2.6836120529704517
3.2000000524071144,2.8106130874205157
3.699999940631365,3.034645786318174
10.299999530939157,3.404493539055652
10.099999866307918,7.620061672141914
10.099999866307918,7.017092633210946
8.699999791735403,6.64064245243172
11.100000127187187,5.43792583917551
10.299999530939157,7.941304184902018
11.400000350780196,6.634108450235923
1.6999999941343646,7.878123755306795
1.4999999964569724,2.143865256065349
1.60000001043413,1.982894320147884
1.3999999824798148,2.077011100327293
1.3000000290565032,2.0379367897059626
1.3000000290565032,1.9112437056242062
1.3000000290565032,1.7897206748500285
1.3999999824798148,1.6844710208886076
1.3000000290565032,1.6424298783684785
1.4999999964569724,1.5471567884386896
1.2000000150793455,1.5719516506412863
1.3999999824798148,1.4280222435650445
1.3000000290565032,1.4404048995279255
1.3000000290565032,1.3970926106731456
1.3999999824798148,1.3682654073134057
1.3999999824798148,1.3978624317169919
1.3000000290565032,1.4066225143984243
1.4999999964569724,1.3585511171271412
1.3000000290565032,1.4298114886058348
1.3000000290565032,1.3666661802412765
1.2000000150793455,1.3366625973158324
1.3999999824798148,1.2827363697851766
1.3000000290565032,1.3505901029971592
1.2000000150793455,1.3345326763376018
1.3000000290565032,1.276285144696823
1.3000000290565032,1.2967871630969035
1.2000000150793455,1.3080253513709077
1.3000000290565032,1.2647872409774434
1.2000000150793455,1.2894061337036447
1.3999999824798148,1.2568090295552055
1.3000000290565032,1.331087768040236
1.3000000290565032,1.3179397114642648
1.3999999824798148,1.3080912339553254
1.2000000150793455,1.3523011730227994
1.3000000290565032,1.2808308008062737
1.2000000150793455,1.2941918252585296
1.3000000290565032,1.2598319986538362
1.3999999824798148,1.288167020353513
1.2000000150793455,1.3479991250356953
1.3999999824798148,1.2789012525043653
1.3000000290565032,1.337884210604478
1.3000000290565032,1.3216900533607148
1.3000000290565032,1.3118611952978707
1.2000000150793455,1.3097407207196117
1.3000000290565032,1.2647693775928817
1.3000000290565032,1.2902623650856935
1.3000000290565032,1.3033882589540386
1.3000000290565032,1.3062929058376394
1.2000000150793455,1.30643557069875
1.3000000290565032,1.2613608621569454
1.2000000150793455,1.2869301474956822
1.3000000290565032,1.255387951897927
1.2000000150793455,1.284107974950296
1.3000000290565032,1.2528404515978713
1.2000000150793455,1.2816292032654188
1.3000000290565032,1.2506364732660165
1.3999999824798148,1.279847103578453
1.2000000150793455,1.340656607888475
1.3999999824798148,1.2728108677841607
1.2000000150793455,1.3331231039110578
1.3000000290565032,1.2728874078454697
1.3000000290565032,1.289499628841826
1.4999999964569724,1.3011132509608583
1.6999999941343646,1.3985557732533749
1.4999999964569724,1.5370879554842571
1.60000001043413,1.486438780989932
1.2000000150793455,1.5165770962226648
1.4999999964569724,1.350325846013336
1.3000000290565032,1.426347203077758
1.4999999964569724,1.3753799392305401
1.2000000150793455,1.442725867890199
1.2000000150793455,1.3329536742500272
1.3999999824798148,1.2823998720631085
1.60000001043413,1.3559020074735437
1.6999999941343646,1.4835802761369623
1.6999999941343646,1.5771544068103056
1.3999999824798148,1.6055031136791722
1.3999999824798148,1.4707681722984454
1.4999999964569724,1.4282585246720285
1.60000001043413,1.4702888886075747
1.4999999964569724,1.5386466720334309
1.60000001043413,1.5131748178328635
1.60000001043413,1.5496391630774022
1.3999999824798148,1.5662073917046595
1.60000001043413,1.4760392029287988
1.60000001043413,1.5387167328332207
1.4999999964569724,1.568400773113469
2.0000000001119917,1.5273626444980257
1.7999999929730608,1.7670881904871036
1.4999999964569724,1.746451137010505
1.60000001043413,1.5855073254314203
1.60000001043413,1.5874035993949667
1.4999999964569724,1.5997342396041576
1.4999999964569724,1.55552781265975
1.3999999824798148,1.5367670201006038
1.60000001043413,1.4819083844496665
1.4999999964569724,1.5535829442348108
1.6999999941343646,1.532000826884122
1.7999999929730608,1.6156738284794532
1.6999999941343646,1.697826595494726
1.60000001043413,1.6715874332349205
1.3999999824798148,1.613746036239078
1.60000001043413,1.503778011461032
1.4999999964569724,1.5625220240849376
1.3999999824798148,1.5412386188564302
1.60000001043413,1.4797633250099427
1.60000001043413,1.549947836307246
1.4999999964569724,1.5776514327780464
1.60000001043413,1.5333016446032994
1.4999999964569724,1.5637684947273551
1.7999999929730608,1.5290153406161484
1.8999999993809877,1.6642223900569983
1.6999999941343646,1.7677276391005714
1.60000001043413,1.6938361273220726
1.60000001043413,1.6227632608274323
1.3999999824798148,1.6076909544110753
1.60000001043413,1.5122537938356244
2.799999996498484,1.5711320543360507
3.2000000524071144,2.27345030478459
3.2000000524071144,2.7196664789546805
1.60000001043413,2.7450513172785858
1.6999999941343646,1.8538109562579081
1.7999999929730608,1.7741834965581422
1.6999999941343646,1.8471408290163644
1.60000001043413,1.825857302680165
1.3999999824798148,1.7549037878159361
1.60000001043413,1.6211425674169058
1.4999999964569724,1.653476988981517
1.6999999941343646,1.611218821477423
1.7999999929730608,1.6787944914287007
1.4999999964569724,1.7479273186676183
1.60000001043413,1.612485729042856
1.60000001043413,1.607864501733632
1.60000001043413,1.6113814691077049
1.6999999941343646,1.6102267072650125
2.0000000001119917,1.657056932355401
1.8999999993809877,1.829508109192298
1.4999999964569724,1.8296054494996987
1.60000001043413,1.625838124572061
1.60000001043413,1.6126547651038878
1.4999999964569724,1.6199048468052315
1.60000001043413,1.5724915487319755
1.4999999964569724,1.5989516416988112
1.4999999964569724,1.558585055235201
1.3999999824798148,1.5378779409588121
1.6999999941343646,1.481202266051783
1.7999999929730608,1.6018884123977002
1.7999999929730608,1.6989368805375515
1.6999999941343646,1.7248260112907141
1.4999999964569724,1.680977790622156
1.4999999964569724,1.5730099199304217
1.3999999824798148,1.5407588507347916
1.60000001043413,1.4869632378498983
1.4999999964569724,1.560158213876639
1.6999999941343646,1.538746828094669
1.60000001043413,1.621641288892334
1.4999999964569724,1.6014828227373774
1.60000001043413,1.5416141132553047
1.7999999929730608,1.5702835738462866
1.8999999993809877,1.6856287498697524
1.7999999929730608,1.7774766569175011
1.60000001043413,1.7520230597014945
1.4999999964569724,1.6460498781114732
1.60000001043413,1.5695605912023
1.60000001043413,1.5972288242270525
1.60000001043413,1.6101739345882475
1.3999999824798148,1.6104438836335921
1.4999999964569724,1.511095217100636
1.3999999824798148,1.5176978268039205
1.7999999929730608,1.4747652105633868
1.7999999929730608,1.649767763146482
1.6999999941343646,1.7140566006153048
1.4999999964569724,1.675421702761888
1.3999999824798148,1.5659386234593113
1.4999999964569724,1.486043122160349
1.3000000290565032,1.5085605542159262
1.3000000290565032,1.425428359018974
1.4999999964569724,1.385537604677014
1.4999999964569724,1.4616608738642076
1.4999999964569724,1.4896939135340204
1.3999999824798148,1.4922255487264313
1.4999999964569724,1.4429785590894415
1.4999999964569724,1.4710891076820989
1.3999999824798148,1.4849515179790056
1.4999999964569724,1.4411399626641836
1.3000000290565032,1.4709852578362563
1.3999999824798148,1.3913987930902136
1.4999999964569724,1.4031717929318455
1.2000000150793455,1.4588269538727028
1.3999999824798148,1.3392614472772726
1.3000000290565032,1.37672853393419
1.3999999824798148,1.3519680663161056
1.3000000290565032,1.382861972438881
1.3000000290565032,1.3490148552480352
1.4999999964569724,1.3316127698848161
1.2000000150793455,1.4189170039615697
1.3999999824798148,1.3153945122103559
1.3999999824798148,1.35875094481885
1.3000000290565032,1.3835481080675933
1.4999999964569724,1.3440482288013849
0.7000000057474034,1.4203362650034692
1.4999999964569724,1.1068649906200707
1.2000000150793455,1.3024878232644301
1.4999999964569724,1.2763903872811229
1.3999999824798148,1.386476976489583
1.2000000150793455,1.3856895342765587
1.4999999964569724,1.2887563909363615
1.2000000150793455,1.3899217636792565
1.4999999964569724,1.300512254039583
1.3000000290565032,1.3971084152269442
1.3000000290565032,1.3498879811531102
1.4999999964569724,1.3259371790095218
1.2000000150793455,1.413537642500772
1.4999999964569724,1.311831645021036
1.3000000290565032,1.4040242699754437
1.4999999964569724,1.355205759352554
1.3999999824798148,1.4239576272079981
1.3999999824798148,1.408172995624546
1.60000001043413,1.3993273503587542
1.4999999964569724,1.4947264831189344
1.3999999824798148,1.4850567000094597
1.4999999964569724,1.4316061229389168
1.60000001043413,1.4621711005703704
1.4999999964569724,1.5279256136040305
1.60000001043413,1.5036516355844878
1.60000001043413,1.5422485964534027
1.60000001043413,1.5605853607061277
1.3999999824798148,1.568064154283709
1.60000001043413,1.4767131066806247
1.60000001043413,1.5398816071681904
1.60000001043413,1.5698946970474523
1.8999999993809877,1.5775918780705327
1.6999999941343646,1.7335650817875945
1.3999999824798148,1.6846809307956705
1.60000001043413,1.521246039962515
1.60000001043413,1.5647274557090958
1.4999999964569724,1.5910870898454634
1.4999999964569724,1.548405772065715
1.3999999824798148,1.529513335445425
1.6999999941343646,1.475197807239013
1.3999999824798148,1.5978083245330077
1.60000001043413,1.498285474862112
1.8999999993809877,1.5489767342793879
1.8999999993809877,1.7269230515305818
1.4999999964569724,1.785573311662461
1.60000001043413,1.5980575944399529
1.4999999964569724,1.589136135759004
1.6999999941343646,1.550932926273524
1.60000001043413,1.635463491435515
1.60000001043413,1.617249500105499
1.7999999929730608,1.6052372520184306
1.60000001043413,1.7025162486498988
1.6999999941343646,1.636120379556623
1.6999999941343646,1.6599752038543452
1.7999999929730608,1.6735849229520094
2.200000003466307,1.729703896076092
1.6999999941343646,1.9666243797658864
1.8999999993809877,1.76926065054213
1.4999999964569724,1.8136641651167158
1.3999999824798148,1.6430951531972535
1.3999999824798148,1.5385091542492275
1.4999999964569724,1.5031925768781715
1.60000001043413,1.534208620108273
1.3999999824798148,1.5884681360071602
1.4999999964569724,1.5034376382928214
1.60000001043413,1.5100690716267888
1.7999999929730608,1.5623502328239143
1.7999999929730608,1.6798458575793953
1.4999999964569724,1.7174760762973622
1.60000001043413,1.5775952388089842
1.3999999824798148,1.5813553904284818
1.60000001043413,1.496878687912483
1.60000001043413,1.5596083244013643
1.3999999824798148,1.586466468074699
1.60000001043413,1.4943529869969772
1.3999999824798148,1.552260962946466
1.60000001043413,1.4817600275270342
1.4999999964569724,1.5454115054900752
1.4999999964569724,1.5235275877710603
2.200000003466307,1.510563554332999
1.4999999964569724,1.8726443831552981
1.4999999964569724,1.6241519724540385
1.4999999964569724,1.5381726565271594
1.3999999824798148,1.5249192362591963
1.2000000150793455,1.4778593304310348
1.4999999964569724,1.3660751747045867
1.3000000290565032,1.4546442575160103
1.4999999964569724,1.3988808868524003
1.3000000290565032,1.4585033541198267
1.7999999929730608,1.3883196905763668
1.7999999929730608,1.5968191169052037
1.4999999964569724,1.6793626681654592
1.4999999964569724,1.5485557033883424
1.4999999964569724,1.5070610593281135
1.4999999964569724,1.5037398625380693
1.4999999964569724,1.5065775974218705
1.4999999964569724,1.5076423156956018
1.60000001043413,1.5069380744669436
1.60000001043413,1.5542866404788553
1.60000001043413,1.571508457042615
1.4999999964569724,1.5758269453989002
1.6999999941343646,1.5294590791994336
1.60000001043413,1.6122879299049875
2.0000000001119917,1.5964002962295363
1.8999999993809877,1.7951497207414464
1.4999999964569724,1.810748452017764
1.60000001043413,1.611798806214146
1.3999999824798148,1.6015299639064668
1.60000001043413,1.515088440473281
1.60000001043413,1.576208404351603
1.60000001043413,1.6007568729549382
1.3999999824798148,1.6023551311655317
1.4999999964569724,1.5029796695557327
1.6999999941343646,1.510484531564005
1.8999999993809877,1.6148874156818105
1.8999999993809877,1.7543573196329587
1.60000001043413,1.7954074984637507
1.4999999964569724,1.6535285808582854
1.4999999964569724,1.5650046409390341
1.60000001043413,1.5435574678340944
1.60000001043413,1.5877082155171305
1.4999999964569724,1.6024066322115313
1.6999999941343646,1.5535774641117504
1.60000001043413,1.6308214336032767
1.4999999964569724,1.610240907141893
1.6999999941343646,1.5498201887999365
1.6999999941343646,1.627065399645305
1.7999999929730608,1.6583819413360443
1.8999999993809877,1.7169367534682096
1.6999999941343646,1.7898799011880129
1.3999999824798148,1.7113945627155924
1.4999999964569724,1.5436321307261784
1.60000001043413,1.5362755045328464
1.60000001043413,1.5890558110823216
1.4999999964569724,1.6050424502959377
1.3999999824798148,1.5553532661987348
1.60000001043413,1.485780318468829
1.6999999941343646,1.5542470685405123
1.7999999929730608,1.6314501339090843
1.6999999941343646,1.7046522552896497
1.4999999964569724,1.6753394403621347
1.3999999824798148,1.568011290776175
1.4999999964569724,1.4878466579087886
1.3000000290565032,1.509803966889122
1.3999999824798148,1.426229546955034
1.60000001043413,1.432277786198442
1.3000000290565032,1.5307575958724642
1.3000000290565032,1.4213176611851426
1.3999999824798148,1.3701125418309457
1.4999999964569724,1.3989449528214388
1.3999999824798148,1.458069183044205
1.3999999824798148,1.4294620929145747
1.4999999964569724,1.4137997800999864
1.3000000290565032,1.4566233994177697
1.4999999964569724,1.3805458483842854
1.4999999964569724,1.4413116328175153
1.3000000290565032,1.4703410254689566
1.3000000290565032,1.3841514665888617
1.3999999824798148,1.348899681832996
1.3999999824798148,1.3849433897864878
1.3999999824798148,1.400137197494788
1.60000001043413,1.4022977587190808
1.3000000290565032,1.4978067967097008
1.3000000290565032,1.3921678269340623
1.3999999824798148,1.347544850083211
1.3000000290565032,1.3822987611174924
1.3999999824798148,1.3519933778237219
1.3000000290565032,1.3818558702880508
1.3000000290565032,1.348448495126656
1.3999999824798148,1.3315662645311093
1.2000000150793455,1.3716487929032635
1.4999999964569724,1.296635294051205
1.2000000150793455,1.4000330448797156
1.3999999824798148,1.3079228337096764
1.3000000290565032,1.3544238880933592
1.3999999824798148,1.3336275174480074
1.4999999964569724,1.3678410459608314
1.2000000150793455,1.4309437244178254
1.3000000290565032,1.315514408825381
1.3000000290565032,1.3114238754222585
1.3000000290565032,1.3173008078354107
1.3999999824798148,1.3185880614930903
1.2000000150793455,1.3635744219736214
1.3999999824798148,1.2897506850872271
1.3000000290565032,1.3467560756855756
1.3999999824798148,1.3290539460155635
1.3999999824798148,1.3640081086184752
1.2000000150793455,1.3800528795242246
1.3000000290565032,1.293880094059464
1.3999999824798148,1.3029273230784972
1.2000000150793455,1.3584269817428978
1.4999999964569724,1.288429400168111
1.3999999824798148,1.3936160932681823
1.2000000150793455,1.3942287165278844
1.4999999964569724,1.2975618284484276
1.3999999824798148,1.3976005968870073
1.3000000290565032,1.3983777449462163
1.3000000290565032,1.34716178645359
1.4999999964569724,1.327779287557846
1.60000001043413,1.4168556299369799
1.7999999929730608,1.5029790034634272
2.200000003466307,1.6329277688585009
1.8999999993809877,1.8952266532414506
1.2000000150793455,1.8085288205167251
1.6999999941343646,1.4520315407238422
1.2000000150793455,1.579188804096515
1.3000000290565032,1.4157384114787903
1.3999999824798148,1.385760745599422
1.3999999824798148,1.4231489911488837
1.4999999964569724,1.4330696488422219
1.8999999993809877,1.4757354042835553
1.60000001043413,1.690411232070801
1.4999999964569724,1.608481696808705
1.4999999964569724,1.5267853241305254
1.3000000290565032,1.5074110000039878
1.4999999964569724,1.4137411034232392
2.0000000001119917,1.470040920608318
1.60000001043413,1.7519407064709722
1.3999999824798148,1.6369997122309101
1.3000000290565032,1.494539432288726
1.4999999964569724,1.4065339846756126
1.60000001043413,1.471771670633899
1.3999999824798148,1.5491788024633975
1.8999999993809877,1.4749656437935552
1.4999999964569724,1.6901279006254963
1.6999999941343646,1.5687263408663392
1.6999999941343646,1.618048023672336
1.6999999941343646,1.6463322104183191
1.6999999941343646,1.6574668818926335
3.399999959253738,1.663905905381024
5.99999995933676,2.6924874907284613
5.299999922050503,4.844557006984994
4.099999996539996,3.9891892438875525
2.799999996498484,3.0725297256507647
2.6000000290980143,2.5693240562668933
2.799999996498484,2.6141417742863915
2.4000000011436993,2.8251216678077933
2.2999999871665415,2.6599041928569043
2.6000000290980143,2.55821109334636
2.6000000290980143,2.690411947103914
2.6000000290980143,2.7047323866917554
2.4000000011436993,2.684151708845757
2.2999999871665415,2.549656288202774
2.6000000290980143,2.4540912681815525
2.4000000011436993,2.596769844738467
2.500000015120857,2.5047885527065024
2.699999982521326,2.5284968972508177
2.699999982521326,2.6488367058746958
2.6000000290980143,2.6669439407742628
2.500000015120857,2.6065535901860617
3.2000000524071144,2.540301506200047
4.200000071070999,2.967768786641725
2.6000000290980143,3.740547643648278
2.6000000290980143,2.677126978282199
2.2999999871665415,2.6190864802408
2.200000003466307,2.49458628935247
2.4000000011436993,2.418597813026411
2.200000003466307,2.5013754351782724
2.4000000011436993,2.396129792909147
2.2999999871665415,2.458759697213712
2.200000003466307,2.404313524084615
2.6000000290980143,2.3194798263696863
2.699999982521326,2.5187027970955618
2.500000015120857,2.6192411347634135
3.2000000524071144,2.507776279466777
2.500000015120857,2.924622112555679
2.2999999871665415,2.559631807680563
2.2999999871665415,2.3962885348163634
2.2999999871665415,2.380994026062211
2.200000003466307,2.3834921144239534
2.4000000011436993,2.3222692090074784
2.4000000011436993,2.408751424625158
2.2999999871665415,2.4223292923998407
5.399999996581506,2.3577264832396514
7.100000052531649,4.487061391072027
10.099999866307918,5.855321319524303
10.099999866307918,7.4517927072309424
9.999999791776915,6.5803812026431325
8.799999866266408,6.472201030167419
7.700000015286903,5.569357235212294
5.800000052490137,5.343631390227403
2.699999982521326,4.462038119762422
2.4000000011436993,3.276296445039943
2.4000000011436993,3.1218884976874195
3.5000000337847412,3.0827583602047186
3.800000015162368,3.665578106888396
3.800000015162368,3.9317766892288857
3.699999940631365,3.8725782805448037
3.89999996858568,3.753558606316968
3.699999940631365,3.8644236152154026
3.0999999778761107,3.7337157165302965
2.2999999871665415,3.3566882153835715
2.4000000011436993,2.8758017247635643
2.6000000290980143,2.801487320063256
2.4000000011436993,2.8720960110515956
2.2999999871665415,2.7392812624035745
2.4000000011436993,2.6073725203989913
2.2999999871665415,2.5959355338486603
2.4000000011436993,2.509279770908424
2.500000015120857,2.5159892581498497
2.4000000011436993,2.5551385912017244
2.9000000104756416,2.488018165064467
4.800000033826253,2.759612216188783
4.200000071070999,4.155738358465219
2.500000015120857,3.6435005379699614
2.4000000011436993,2.565475617139968
2.4000000011436993,2.511430219640439
2.500000015120857,2.5604162827551344
3.5000000337847412,2.635650197606532
3.599999987208053,3.2702225309658424
3.89999996858568,3.4017568685407786
3.89999996858568,3.5846095006080345
2.0015000002459566,3.5866908574017953
0.003000048205998862,2.5003777500120323
0.003000048205998862,1.5601864016919391
0.003000048205998862,1.0648232425614816
0.003000048205998862,0.7767576975788488
0.003000048205998862,0.5992883024185329
0.003000048205998862,0.48241283987657746
0.003000048205998862,0.40160324799573965
0.003000048205998862,0.3446080304435146
0.003000048205998862,0.30451339130216604
0.003000048205998862,0.2767180860316407
0.003000048205998862,0.257752258150032
0.003000048205998862,0.24501415111129354
0.003000048205998862,0.23658505575194555
0.003000048205998862,0.231050192014691
0.003000048205998862,0.2274146602102045
0.003000048205998862,0.22509726452484347
0.003000048205998862,0.22366068508299608
0.003000048205998862,0.22275237739341125
0.003000048205998862,0.2221805068720486
0.003000048205998862,0.2218214225654327
0.003000048205998862,0.221590712412278
0.003000048205998862,0.22144998527423843
0.003000048205998862,0.22136387770526578
0.003000048205998862,0.22131095364388598
0.003000048205998862,0.2212879431824164
0.003000048205998862,0.2212879431824164
0.003000048205998862,0.2212879431824164
0.003000048205998862,0.2212879431824164
0.003000048205998862,0.2212879431824164
0.003000048205998862,0.2212879431824164
0.003000048205998862,0.2212879431824164
0.003000048205998862,0.2212879431824164
0.003000048205998862,0.2212879431824164
0.003000048205998862,0.2212879431824164
0.003000048205998862,0.2212879431824164
0.003000048205998862,0.2212879431824164
0.003000048205998862,0.2212879431824164
0.003000048205998862,0.2212879431824164
0.003000048205998862,0.2212879431824164
0.003000048205998862,0.2212879431824164
0.003000048205998862,0.2212879431824164
0.003000048205998862,0.2212879431824164
0.003000048205998862,0.2212879431824164
0.003000048205998862,0.2212879431824164
0.003000048205998862,0.2212879431824164
0.003000048205998862,0.2212879431824164
0.003000048205998862,0.2212879431824164
0.003000048205998862,0.2212879431824164
0.003000048205998862,0.2212879431824164
0.003000048205998862,0.2212879431824164
0.003000048205998862,0.2212879431824164
0.003000048205998862,0.2212879431824164
0.003000048205998862,0.2212879431824164
0.003000048205998862,0.2212879431824164
0.003000048205998862,0.2212879431824164
0.003000048205998862,0.2212879431824164
0.003000048205998862,0.2212879431824164
0.003000048205998862,0.2212879431824164
0.003000048205998862,0.2212879431824164
0.003000048205998862,0.2212879431824164
0.003000048205998862,0.2212879431824164
0.003000048205998862,0.2212879431824164
0.003000048205998862,0.2212879431824164
0.003000048205998862,0.2212879431824164
0.003000048205998862,0.2212879431824164
0.003000048205998862,0.2212879431824164
0.003000048205998862,0.2212879431824164
0.003000048205998862,0.2212879431824164
0.003000048205998862,0.2212879431824164
0.003000048205998862,0.2212879431824164
0.003000048205998862,0.2212879431824164
0.003000048205998862,0.2212879431824164
0.003000048205998862,0.2212879431824164
0.003000048205998862,0.2212879431824164
0.003000048205998862,0.2212879431824164
0.003000048205998862,0.2212879431824164
0.003000048205998862,0.2212879431824164
0.003000048205998862,0.2212879431824164
0.003000048205998862,0.2212879431824164
0.003000048205998862,0.2212879431824164
0.003000048205998862,0.2212879431824164
0.003000048205998862,0.2212879431824164
0.003000048205998862,0.2212879431824164
0.003000048205998862,0.2212879431824164
0.003000048205998862,0.2212879431824164
0.003000048205998862,0.2212879431824164
0.003000048205998862,0.2212879431824164
0.003000048205998862,0.2212879431824164
0.003000048205998862,0.2212879431824164
0.003000048205998862,0.2212879431824164
0.003000048205998862,0.2212879431824164
0.003000048205998862,0.2212879431824164
0.003000048205998862,0.2212879431824164
0.003000048205998862,0.2212879431824164
0.003000048205998862,0.2212879431824164
0.003000048205998862,0.2212879431824164
0.003000048205998862,0.2212879431824164
0.003000048205998862,0.2212879431824164
0.003000048205998862,0.2212879431824164
0.003000048205998862,0.2212879431824164
0.003000048205998862,0.2212879431824164
0.003000048205998862,0.2212879431824164
0.003000048205998862,0.2212879431824164
0.003000048205998862,0.2212879431824164
0.003000048205998862,0.2212879431824164
0.003000048205998862,0.2212879431824164
0.003000048205998862,0.2212879431824164
0.003000048205998862,0.2212879431824164
0.003000048205998862,0.2212879431824164
0.003000048205998862,0.2212879431824164
0.003000048205998862,0.2212879431824164
0.003000048205998862,0.2212879431824164
0.003000048205998862,0.2212879431824164
0.003000048205998862,0.2212879431824164
0.003000048205998862,0.2212879431824164
0.003000048205998862,0.2212879431824164
0.003000048205998862,0.2212879431824164
0.003000048205998862,0.2212879431824164
0.003000048205998862,0.2212879431824164
0.003000048205998862,0.2212879431824164
0.003000048205998862,0.2212879431824164
0.003000048205998862,0.2212879431824164
0.003000048205998862,0.2212879431824164
0.003000048205998862,0.2212879431824164
0.003000048205998862,0.2212879431824164
0.003000048205998862,0.2212879431824164
0.003000048205998862,0.2212879431824164
0.003000048205998862,0.2212879431824164
0.003000048205998862,0.2212879431824164
0.003000048205998862,0.2212879431824164
0.003000048205998862,0.2212879431824164
0.003000048205998862,0.2212879431824164
0.003000048205998862,0.2212879431824164
0.003000048205998862,0.2212879431824164
0.003000048205998862,0.2212879431824164
0.003000048205998862,0.2212879431824164
0.003000048205998862,0.2212879431824164
0.003000048205998862,0.2212879431824164
0.003000048205998862,0.2212879431824164
0.003000048205998862,0.2212879431824164
0.003000048205998862,0.2212879431824164
0.003000048205998862,0.2212879431824164
0.003000048205998862,0.2212879431824164
0.003000048205998862,0.2212879431824164
0.003000048205998862,0.2212879431824164
0.003000048205998862,0.2212879431824164
0.003000048205998862,0.2212879431824164
0.003000048205998862,0.2212879431824164
0.003000048205998862,0.2212879431824164
0.003000048205998862,0.2212879431824164
0.003000048205998862,0.2212879431824164
0.003000048205998862,0.2212879431824164
0.003000048205998862,0.2212879431824164
0.003000048205998862,0.2212879431824164
0.003000048205998862,0.2212879431824164
0.003000048205998862,0.2212879431824164
0.003000048205998862,0.2212879431824164
0.003000048205998862,0.2212879431824164
0.003000048205998862,0.2212879431824164
0.003000048205998862,0.2212879431824164
0.003000048205998862,0.2212879431824164
0.003000048205998862,0.2212879431824164
0.003000048205998862,0.2212879431824164
0.003000048205998862,0.2212879431824164
0.003000048205998862,0.2212879431824164
0.003000048205998862,0.2212879431824164
0.003000048205998862,0.2212879431824164
0.003000048205998862,0.2212879431824164
0.003000048205998862,0.2212879431824164
0.003000048205998862,0.2212879431824164
0.003000048205998862,0.2212879431824164
0.003000048205998862,0.2212879431824164
0.003000048205998862,0.2212879431824164
0.003000048205998862,0.2212879431824164
0.003000048205998862,0.2212879431824164
0.003000048205998862,0.2212879431824164
0.003000048205998862,0.2212879431824164
0.003000048205998862,0.2212879431824164
0.003000048205998862,0.2212879431824164
0.003000048205998862,0.2212879431824164
0.003000048205998862,0.2212879431824164
0.003000048205998862,0.2212879431824164
0.003000048205998862,0.2212879431824164
0.003000048205998862,0.2212879431824164
0.003000048205998862,0.2212879431824164
0.003000048205998862,0.2212879431824164
0.003000048205998862,0.2212879431824164
0.003000048205998862,0.2212879431824164
0.003000048205998862,0.2212879431824164
0.003000048205998862,0.2212879431824164
0.003000048205998862,0.2212879431824164
0.003000048205998862,0.2212879431824164
0.003000048205998862,0.2212879431824164
0.003000048205998862,0.2212879431824164
0.003000048205998862,0.2212879431824164
0.003000048205998862,0.2212879431824164
0.003000048205998862,0.2212879431824164
0.003000048205998862,0.2212879431824164
0.003000048205998862,0.2212879431824164
0.003000048205998862,0.2212879431824164
0.003000048205998862,0.2212879431824164
0.003000048205998862,0.2212879431824164
0.003000048205998862,0.2212879431824164
0.003000048205998862,0.2212879431824164
0.003000048205998862,0.2212879431824164
0.003000048205998862,0.2212879431824164
0.003000048205998862,0.2212879431824164
0.003000048205998862,0.2212879431824164
0.003000048205998862,0.2212879431824164
0.003000048205998862,0.2212879431824164
0.003000048205998862,0.2212879431824164
0.003000048205998862,0.2212879431824164
0.003000048205998862,0.2212879431824164
0.003000048205998862,0.2212879431824164
0.003000048205998862,0.2212879431824164
0.003000048205998862,0.2212879431824164
0.003000048205998862,0.2212879431824164
0.003000048205998862,0.2212879431824164
0.003000048205998862,0.2212879431824164
0.003000048205998862,0.2212879431824164
0.003000048205998862,0.2212879431824164
0.003000048205998862,0.2212879431824164
0.003000048205998862,0.2212879431824164
0.003000048205998862,0.2212879431824164
0.003000048205998862,0.2212879431824164
0.003000048205998862,0.2212879431824164
0.003000048205998862,0.2212879431824164
0.003000048205998862,0.2212879431824164
0.003000048205998862,0.2212879431824164
0.003000048205998862,0.2212879431824164
0.003000048205998862,0.2212879431824164
0.003000048205998862,0.2212879431824164
0.003000048205998862,0.2212879431824164
0.003000048205998862,0.2212879431824164
0.003000048205998862,0.2212879431824164
0.003000048205998862,0.2212879431824164
0.003000048205998862,0.2212879431824164
0.003000048205998862,0.2212879431824164
0.003000048205998862,0.2212879431824164
0.003000048205998862,0.2212879431824164
0.003000048205998862,0.2212879431824164
0.003000048205998862,0.2212879431824164
0.003000048205998862,0.2212879431824164
0.003000048205998862,0.2212879431824164
0.003000048205998862,0.2212879431824164
0.003000048205998862,0.2212879431824164
0.003000048205998862,0.2212879431824164
0.003000048205998862,0.2212879431824164
0.003000048205998862,0.2212879431824164
0.003000048205998862,0.2212879431824164
0.003000048205998862,0.2212879431824164
0.003000048205998862,0.2212879431824164
0.003000048205998862,0.2212879431824164
0.003000048205998862,0.2212879431824164
0.003000048205998862,0.2212879431824164
0.003000048205998862,0.2212879431824164
0.003000048205998862,0.2212879431824164
0.003000048205998862,0.2212879431824164
0.003000048205998862,0.2212879431824164
0.003000048205998862,0.2212879431824164
0.003000048205998862,0.2212879431824164
0.003000048205998862,0.2212879431824164
0.003000048205998862,0.2212879431824164
0.003000048205998862,0.2212879431824164
0.003000048205998862,0.2212879431824164
0.003000048205998862,0.2212879431824164
0.003000048205998862,0.2212879431824164
0.003000048205998862,0.2212879431824164
0.003000048205998862,0.2212879431824164
0.003000048205998862,0.2212879431824164
0.003000048205998862,0.2212879431824164
0.003000048205998862,0.2212879431824164
0.003000048205998862,0.2212879431824164
0.003000048205998862,0.2212879431824164
0.003000048205998862,0.2212879431824164
0.003000048205998862,0.2212879431824164
0.003000048205998862,0.2212879431824164
0.003000048205998862,0.2212879431824164
0.003000048205998862,0.2212879431824164
0.003000048205998862,0.2212879431824164
0.003000048205998862,0.2212879431824164
0.003000048205998862,0.2212879431824164
0.003000048205998862,0.2212879431824164
0.003000048205998862,0.2212879431824164
0.003000048205998862,0.2212879431824164
0.003000048205998862,0.2212879431824164
0.003000048205998862,0.2212879431824164
0.003000048205998862,0.2212879431824164
0.003000048205998862,0.2212879431824164
0.003000048205998862,0.2212879431824164
0.003000048205998862,0.2212879431824164
0.003000048205998862,0.2212879431824164
0.003000048205998862,0.2212879431824164
0.003000048205998862,0.2212879431824164
0.003000048205998862,0.2212879431824164
0.003000048205998862,0.2212879431824164
0.003000048205998862,0.2212879431824164
0.003000048205998862,0.2212879431824164
0.003000048205998862,0.2212879431824164
0.003000048205998862,0.2212879431824164
0.003000048205998862,0.2212879431824164
0.003000048205998862,0.2212879431824164
0.003000048205998862,0.2212879431824164
0.003000048205998862,0.2212879431824164
0.003000048205998862,0.2212879431824164
0.003000048205998862,0.2212879431824164
0.003000048205998862,0.2212879431824164
0.003000048205998862,0.2212879431824164
0.003000048205998862,0.2212879431824164
0.003000048205998862,0.2212879431824164
0.003000048205998862,0.2212879431824164
0.003000048205998862,0.2212879431824164
0.003000048205998862,0.2212879431824164
0.003000048205998862,0.2212879431824164
0.003000048205998862,0.2212879431824164
0.003000048205998862,0.2212879431824164
0.003000048205998862,0.2212879431824164
0.003000048205998862,0.2212879431824164
0.003000048205998862,0.2212879431824164
0.003000048205998862,0.2212879431824164
0.003000048205998862,0.2212879431824164
0.003000048205998862,0.2212879431824164
0.003000048205998862,0.2212879431824164
0.003000048205998862,0.2212879431824164
0.003000048205998862,0.2212879431824164
0.003000048205998862,0.2212879431824164
0.003000048205998862,0.2212879431824164
0.003000048205998862,0.2212879431824164
0.003000048205998862,0.2212879431824164
0.003000048205998862,0.2212879431824164
0.003000048205998862,0.2212879431824164
0.003000048205998862,0.2212879431824164
0.003000048205998862,0.2212879431824164
0.003000048205998862,0.2212879431824164
0.003000048205998862,0.2212879431824164
0.003000048205998862,0.2212879431824164
0.003000048205998862,0.2212879431824164
0.003000048205998862,0.2212879431824164
0.003000048205998862,0.2212879431824164
0.003000048205998862,0.2212879431824164
0.003000048205998862,0.2212879431824164
0.003000048205998862,0.2212879431824164
0.003000048205998862,0.2212879431824164
0.003000048205998862,0.2212879431824164
0.003000048205998862,0.2212879431824164
0.003000048205998862,0.2212879431824164
0.003000048205998862,0.2212879431824164
0.003000048205998862,0.2212879431824164
0.003000048205998862,0.2212879431824164
0.003000048205998862,0.2212879431824164
0.003000048205998862,0.2212879431824164
0.003000048205998862,0.2212879431824164
0.003000048205998862,0.2212879431824164
0.003000048205998862,0.2212879431824164
0.003000048205998862,0.2212879431824164
0.003000048205998862,0.2212879431824164
0.003000048205998862,0.2212879431824164
0.003000048205998862,0.2212879431824164
0.003000048205998862,0.2212879431824164
0.003000048205998862,0.2212879431824164
0.003000048205998862,0.2212879431824164
0.003000048205998862,0.2212879431824164
0.003000048205998862,0.2212879431824164
0.003000048205998862,0.2212879431824164
0.003000048205998862,0.2212879431824164
0.003000048205998862,0.2212879431824164
0.003000048205998862,0.2212879431824164
0.003000048205998862,0.2212879431824164
0.003000048205998862,0.2212879431824164
0.003000048205998862,0.2212879431824164
0.003000048205998862,0.2212879431824164
0.003000048205998862,0.2212879431824164
0.003000048205998862,0.2212879431824164
0.003000048205998862,0.2212879431824164
0.003000048205998862,0.2212879431824164
0.003000048205998862,0.2212879431824164
0.003000048205998862,0.2212879431824164
0.003000048205998862,0.2212879431824164
0.003000048205998862,0.2212879431824164
0.003000048205998862,0.2212879431824164
0.003000048205998862,0.2212879431824164
0.003000048205998862,0.2212879431824164
0.003000048205998862,0.2212879431824164
0.003000048205998862,0.2212879431824164
0.003000048205998862,0.2212879431824164
0.003000048205998862,0.2212879431824164
0.003000048205998862,0.2212879431824164
0.003000048205998862,0.2212879431824164
0.003000048205998862,0.2212879431824164
0.003000048205998862,0.2212879431824164
0.003000048205998862,0.2212879431824164
0.003000048205998862,0.2212879431824164
0.003000048205998862,0.2212879431824164
0.003000048205998862,0.2212879431824164
0.003000048205998862,0.2212879431824164
0.003000048205998862,0.2212879431824164
0.003000048205998862,0.2212879431824164
0.003000048205998862,0.2212879431824164
0.003000048205998862,0.2212879431824164
0.003000048205998862,0.2212879431824164
0.003000048205998862,0.2212879431824164
0.003000048205998862,0.2212879431824164
0.003000048205998862,0.2212879431824164
0.003000048205998862,0.2212879431824164
0.003000048205998862,0.2212879431824164
0.003000048205998862,0.2212879431824164
0.003000048205998862,0.2212879431824164
0.003000048205998862,0.2212879431824164
0.003000048205998862,0.2212879431824164
0.003000048205998862,0.2212879431824164
0.003000048205998862,0.2212879431824164
0.003000048205998862,0.2212879431824164
0.003000048205998862,0.2212879431824164
0.003000048205998862,0.2212879431824164
0.003000048205998862,0.2212879431824164
0.003000048205998862,0.2212879431824164
0.003000048205998862,0.2212879431824164
0.003000048205998862,0.2212879431824164
0.003000048205998862,0.2212879431824164
0.003000048205998862,0.2212879431824164
0.003000048205998862,0.2212879431824164
0.003000048205998862,0.2212879431824164
0.003000048205998862,0.2212879431824164
0.003000048205998862,0.2212879431824164
0.003000048205998862,0.2212879431824164
0.003000048205998862,0.2212879431824164
0.003000048205998862,0.2212879431824164
0.003000048205998862,0.2212879431824164
0.003000048205998862,0.2212879431824164
0.003000048205998862,0.2212879431824164
0.003000048205998862,0.2212879431824164
0.003000048205998862,0.2212879431824164
0.003000048205998862,0.2212879431824164
0.003000048205998862,0.2212879431824164
0.003000048205998862,0.2212879431824164
0.003000048205998862,0.2212879431824164
0.003000048205998862,0.2212879431824164
0.003000048205998862,0.2212879431824164
0.003000048205998862,0.2212879431824164
0.003000048205998862,0.2212879431824164
0.003000048205998862,0.2212879431824164
0.003000048205998862,0.2212879431824164
0.003000048205998862,0.2212879431824164
0.003000048205998862,0.2212879431824164
0.003000048205998862,0.2212879431824164
0.003000048205998862,0.2212879431824164
0.003000048205998862,0.2212879431824164
0.003000048205998862,0.2212879431824164
0.003000048205998862,0.2212879431824164
0.003000048205998862,0.2212879431824164
0.003000048205998862,0.2212879431824164
0.003000048205998862,0.2212879431824164
0.003000048205998862,0.2212879431824164
0.003000048205998862,0.2212879431824164
0.003000048205998862,0.2212879431824164
0.003000048205998862,0.2212879431824164
0.003000048205998862,0.2212879431824164
0.003000048205998862,0.2212879431824164
0.003000048205998862,0.2212879431824164
0.003000048205998862,0.2212879431824164
0.003000048205998862,0.2212879431824164
0.003000048205998862,0.2212879431824164
0.003000048205998862,0.2212879431824164
0.003000048205998862,0.2212879431824164
0.003000048205998862,0.2212879431824164
0.003000048205998862,0.2212879431824164
0.003000048205998862,0.2212879431824164
0.003000048205998862,0.2212879431824164
0.003000048205998862,0.2212879431824164
0.003000048205998862,0.2212879431824164
0.003000048205998862,0.2212879431824164
0.003000048205998862,0.2212879431824164
0.003000048205998862,0.2212879431824164
0.003000048205998862,0.2212879431824164
0.003000048205998862,0.2212879431824164
0.003000048205998862,0.2212879431824164
0.003000048205998862,0.2212879431824164
0.003000048205998862,0.2212879431824164
0.003000048205998862,0.2212879431824164
0.003000048205998862,0.2212879431824164
0.003000048205998862,0.2212879431824164
0.003000048205998862,0.2212879431824164
0.003000048205998862,0.2212879431824164
0.003000048205998862,0.2212879431824164
0.003000048205998862,0.2212879431824164
0.003000048205998862,0.2212879431824164
0.003000048205998862,0.2212879431824164
0.003000048205998862,0.2212879431824164
0.003000048205998862,0.2212879431824164
0.003000048205998862,0.2212879431824164
0.003000048205998862,0.2212879431824164
0.003000048205998862,0.2212879431824164
0.003000048205998862,0.2212879431824164
0.003000048205998862,0.2212879431824164
0.003000048205998862,0.2212879431824164
0.003000048205998862,0.2212879431824164
0.003000048205998862,0.2212879431824164
0.003000048205998862,0.2212879431824164
0.003000048205998862,0.2212879431824164
0.003000048205998862,0.2212879431824164
0.003000048205998862,0.2212879431824164
0.003000048205998862,0.2212879431824164
0.003000048205998862,0.2212879431824164
1.501500006052476,0.2212879431824164
1.501500006052476,0.7751000965992023
3.000000024452799,1.1163683717608135
2.799999996498484,2.061192619143942
3.000000024452799,2.176939448827742
3.000000024452799,2.3090028604934005
2.9000000104756416,2.383664571777283
3.0999999778761107,2.406541360631783
2.799999996498484,2.624386031732606
2.9000000104756416,2.5309373989050403
2.9000000104756416,2.644574199549012
3.000000024452799,2.7153161089984907
3.000000024452799,2.825332152976393
2.9000000104756416,2.8684379532164073
2.799999996498484,2.83475172759431
2.9000000104756416,2.791280303232315
2.9000000104756416,2.864596356674077
2.9000000104756416,2.888454693094866
2.799999996498484,2.8974508146678986
2.9000000104756416,2.8429126905236926
2.9000000104756416,2.8997941273993355
2.799999996498484,2.913061838374948
2.9000000104756416,2.854561131104159
2.699999982521326,2.9075789298375376
2.799999996498484,2.7977374625975737
2.799999996498484,2.836491621250633
2.799999996498484,2.8438120362440737
2.9000000104756416,2.83978496327153
3.000000024452799,2.8965399637167826
2.799999996498484,2.9653798768642705
2.799999996498484,2.850152447794298
2.9000000104756416,2.8341152461192953
2.699999982521326,2.898149303281189
2.699999982521326,2.788732500163029
2.9000000104756416,2.767980757702159
2.9000000104756416,2.8861291831941447
2.699999982521326,2.9027001064675475
2.9000000104756416,2.7783902060401857
5.10000001520388,2.8787308354009378
4.399999977917622,4.461107286042136
2.699999982521326,3.849016536861588
2.500000015120857,2.770006344403779
2.699999982521326,2.6778373354493006
2.799999996498484,2.8282588414599275
2.6000000290980143,2.9287263916818373
2.799999996498484,2.8112806330185145
2.6000000290980143,2.8839761912005986
2.699999982521326,2.764733497158047
2.699999982521326,2.7835231739017217
2.6000000290980143,2.777622988811716
2.699999982521326,2.705835980534601
2.799999996498484,2.7419772407339544
2.699999982521326,2.803579334333908
2.6000000290980143,2.746670042689118
2.6000000290980143,2.6727200510338713
2.6000000290980143,2.6584025180306363
3.000000024452799,2.6546013109035695
15.00000012731172,2.8949231154754758
15.799999754698213,8.595536656540855
18.099999531188224,9.305862335642313
12.300000052697694,9.50445376003162
11.799999680042676,5.825522529705937
11.699999605511673,7.373080458359202
11.20000020171819,7.328274487785822
11.300000276249193,7.075774638696576
9.000000015328414,7.444526245714263
2.6000000290980143,5.525237703036856
2.799999996498484,2.8270412247251158
2.9000000104756416,3.0855414149656064
2.6000000290980143,3.3409121218924014
2.799999996498484,3.2578775394951562
3.000000024452799,3.2872576600224694
2.9000000104756416,3.3517839593982726
2.799999996498484,3.24348921904598
2.799999996498484,3.1111553284888247
2.9000000104756416,3.04741610800297
2.799999996498484,3.0645900264745656
2.9000000104756416,2.9810303816788943
2.799999996498484,3.0027234336754045
2.9000000104756416,2.929835132601591
3.0999999778761107,2.962932835394683
16.700000425477246,3.0835737782945816
17.80000027645675,8.95592795736822
18.40000072364277,9.813091384214125
19.499999605760742,9.539199072419773
19.69999975482275,9.576123354401396
17.80000027645675,9.509541251954833
10.39999960547016,8.909894923660056
13.499999978208201,4.10673624858134
10.39999960547016,8.609415598037712
2.699999982521326,5.632855935821947
2.799999996498484,2.397663167673781
2.799999996498484,2.857817959155935
2.699999982521326,3.1648535102355484
2.9000000104756416,3.229880347702159
2.6000000290980143,3.3203551811540235
3.000000024452799,3.1161776644737698
2.9000000104756416,3.243201467169919
2.6000000290980143,3.1646238900516215
2.9000000104756416,2.931262750074234
2.799999996498484,3.029601166517911
2.799999996498484,2.9679274982720183
2.9000000104756416,2.931021140228805
2.699999982521326,2.968162265532853
2.9000000104756416,2.8410377617908513
9.499999903552663,2.9274367764241647
9.700000052614671,7.171078641364733
9.700000052614671,7.056301490693411
9.90000020167668,6.485343152466485
11.20000020171819,6.668423588102288
9.90000020167668,7.657111421692391
9.499999903552663,6.161633433806085
8.799999866266408,6.560963279747495
6.700000238838402,6.2060799567497735
2.6000000290980143,4.946845532462984
2.699999982521326,3.32733934064078
2.799999996498484,3.313756870773803
2.699999982521326,3.402226887493216
2.799999996498484,3.3404419818322717
2.799999996498484,3.309489520140441
3.800000015162368,3.2334501180299196
2.799999996498484,3.784622850408464
2.699999982521326,3.165302456449587
3.000000024452799,2.9877955784586145
2.9000000104756416,3.1225928600237696
3.000000024452799,3.0703948392571645
2.9000000104756416,3.096797527178018
2.799999996498484,3.022385570231849
3.399999959253738,2.9363212972590707
17.19999982927073,3.2911149400109068
17.19999982927073,9.111774664101045
17.80000027645675,9.66451501444412
17.700000201925747,9.409213702224811
16.600000350946242,9.132930240160704
17.700000201925747,8.66485966827151
18.500000798173772,9.168443375315785
18.000000425518756,9.337242791917475
15.999999903760221,9.127990015190898
4.900000108357256,8.359373750664174
4.9999999406728755,1.888870331168197
5.200000089734884,3.5441015209140785
4.800000033826253,4.496443119536211
5.10000001520388,4.480674655829634
5.200000089734884,4.829569203460691
4.200000071070999,4.929770558975707
5.299999922050503,4.265182410814067
5.200000089734884,5.057359934593238
4.9999999406728755,4.9478669547368455
5.200000089734884,4.78334191301465
5.10000001520388,4.941409977033124
5.10000001520388,4.863601918189442
5.200000089734884,4.871452845427447
6.999999978000645,4.947019685324
19.599999680291745,6.254972100849366
20.80000057466379,10.447052365944497
20.600000425601777,10.551578961569625
20.80000057466379,10.129148550035925
19.199999382167732,9.959558057990453
18.500000798173772,9.458711384784124
16.400000201884236,9.296636836100738
15.69999968016721,8.53049019962815
8.89999994079741,8.531469718640597
3.89999996858568,3.5795046902848755
3.699999940631365,2.9313109509356283
3.800000015162368,3.57708859183058
3.599999987208053,3.9781574231206216
3.699999940631365,3.9862504446348233
3.800000015162368,4.036628459006884
3.800000015162368,4.0672328571920655
3.699999940631365,4.024851704826802
3.800000015162368,3.9175571929022803
3.699999940631365,3.942826070611148
3.699999940631365,3.8556669235493444
3.800000015162368,3.827947916124744
3.699999940631365,3.8744783391237236
3.800000015162368,3.7964691204037218
3.599999987208053,3.843950359892159
3.800000015162368,3.7090412353734927
3.699999940631365,3.822720060386569
3.699999940631365,3.758968850239212
3.800000015162368,3.7471235491054893
3.800000015162368,3.8086842844286437
3.699999940631365,3.807132168248681
3.800000015162368,3.7368894647053983
3.599999987208053,3.798728747720025
3.89999996858568,3.671110185148735
3.699999940631365,3.859249652400143
3.699999940631365,3.736011918369567
3.800000015162368,3.727219984365153
3.800000015162368,3.7965165946189643
3.800000015162368,3.7997632496246165
3.599999987208053,3.797716045199984
3.800000015162368,3.668656179986861
3.89999996858568,3.794953336531343
3.599999987208053,3.8705649862739158
3.89999996858568,3.670960132718416
3.599999987208053,3.858545047848409
3.800000015162368,3.6753109265515276
3.800000015162368,3.794317521148633
3.599999987208053,3.80388248555073
3.89999996858568,3.670277811982
3.599999987208053,3.8606478407036438
3.800000015162368,3.673559588218316
3.800000015162368,3.7913528048498284
3.699999940631365,3.8007978726369
3.800000015162368,3.7319594127817153
3.800000015162368,3.7950078349927177
3.599999987208053,3.7999461222394526
3.89999996858568,3.6692010434929196
3.599999987208053,3.8610691743639194
3.800000015162368,3.6744601450156162
3.699999940631365,3.79222356915491
3.699999940631365,3.7360174893233964
3.800000015162368,3.7303718120480127
3.800000015162368,3.7963725975732423
3.699999940631365,3.7978083292612457
3.0999999778761107,3.730082243556573
3.699999940631365,3.3571525422744872
3.699999940631365,3.695289699168561
3.699999940631365,3.729430441958527
3.89999996858568,3.711550586750586
3.599999987208053,3.8357123724706996
3.699999940631365,3.6398006979810518
3.599999987208053,3.698686406604533
3.699999940631365,3.6469883183902754
16.400000201884236,3.7107343209068793
17.099999754739727,9.251858478081122
18.799999084043712,9.798061435213025
18.199999605719228,9.79009642452921
18.300000649111766,9.316136143365362
19.299999456698735,9.288021234895794
20.10000005294676,9.526984635041003
21.899999456781757,9.65995700535009
14.100000425394224,9.967223690459782
6.799999828938637,6.498143266643499
6.8999999034696415,2.8913613988092295
2.799999996498484,5.190651544778292
2.699999982521326,3.163633713562282
3.0999999778761107,3.222332674124784
2.699999982521326,3.5103515926460185
3.000000024452799,3.3546023776052083
2.799999996498484,3.4257383714842753
2.699999982521326,3.2681128349721664
2.9000000104756416,3.1180134148682663
2.9000000104756416,3.154395861036128
2.799999996498484,3.1216355037189474
2.9000000104756416,3.018112043106198
2.9000000104756416,3.031159580297855
2.9000000104756416,3.013538290012216
14.499999754656702,2.9925790900750444
14.799999978249714,8.592324880550482
14.599999829187706,9.10244404308286
15.400000425435735,8.44268179422983
16.200000052822226,8.66265308612428
15.69999968016721,8.850009107716495
15.300000350904732,8.522683597805397
15.200000276373729,8.423160687580655
7.700000015286903,8.46860029359829
3.000000024452799,2.98290839865788
3.000000024452799,2.614891915330297
3.000000024452799,3.0983181553580756
2.9000000104756416,3.370368903588715
3.000000024452799,3.402684553461075
3.0999999778761107,3.429417502057862
2.799999996498484,3.4430771175246075
3.000000024452799,3.216038465159037
2.9000000104756416,3.2454785339938628
3.0999999778761107,3.1573910964733027
3.000000024452799,3.2291820407504064
2.9000000104756416,3.1527185195026943
3.0999999778761107,3.0577739644642286
2.9000000104756416,3.1514682036910577
3.5000000337847412,3.031595325773472
14.00000035086322,3.3840045397324556
13.499999978208201,8.672757343078604
13.099999680084187,8.5778975634245
12.999999605553183,7.850965597603591
13.299999829146195,7.762609301006914
12.999999605553183,7.995184997048194
13.399999903677198,7.755888308534753
14.100000425394224,8.155315040629718
6.8999999034696415,8.47480682059507
2.699999982521326,2.9945836040382665
2.9000000104756416,2.7085294761572962
2.699999982521326,3.117931182745436
3.000000024452799,3.235889832484145
2.799999996498484,3.4245383153647957
3.000000024452799,3.3102178617997966
3.2000000524071144,3.339792602388065
2.9000000104756416,3.4160376453595083
2.9000000104756416,3.1982399943200828
3.000000024452799,3.1267498815497703
3.000000024452799,3.1521029291045393
2.799999996498484,3.134147623804517
3.000000024452799,2.9897495905142955
2.799999996498484,3.0703485761188416
3.000000024452799,2.951715417089847
10.499999680001165,3.0394480696268555
12.800000425352712,7.612760816040723
12.300000052697694,8.658501030013648
12.89999953102218,7.493756038058996
17.600000127394743,7.894902014948808
17.600000127394743,9.599754856115172
18.999999233105726,9.243987931397022
15.799999754698213,9.549811012818733
10.699999829063172,8.15925491606406
4.200000071070999,4.952304098354313
3.699999940631365,2.6161796534187443
4.000000043116684,3.3868437884624063
4.200000071070999,4.001481069081475
3.599999987208053,4.32460075106672
4.200000071070999,3.980375389390896
3.5000000337847412,4.313297770177526
3.89999996858568,3.863109596757803
4.099999996539996,4.048374694048596
4.000000043116684,4.17295187915208
3.800000015162368,4.075758112058818
4.000000043116684,3.9191282018821862
3.89999996858568,4.0339989687993825
3.89999996858568,3.9653709941127975
4.200000071070999,3.9515208762466227
9.499999903552663,4.145446869019146
9.800000127145676,7.661946040754821
10.200000425269689,7.198050777653111
10.299999530939157,7.107705408323935
11.59999953098067,7.0323095724884075
11.300000276249193,7.991657856627998
11.500000425311201,7.346425624223719
11.100000127187187,7.670100463868839
9.100000089859417,7.304272880965463
3.599999987208053,5.8865663773998715
2.9000000104756416,3.307240550301029
3.000000024452799,3.358146351994585
3.000000024452799,3.5241085786970876
2.799999996498484,3.5770063597077493
3.000000024452799,3.425148334809121
2.9000000104756416,3.434106791889959
3.000000024452799,3.315822967998379
2.9000000104756416,3.2928982507747917
2.9000000104756416,3.182856047535429
2.799999996498484,3.124257485249549
3.0999999778761107,3.0250437629623423
3.000000024452799,3.164142608083833
2.799999996498484,3.10392277712589
3.000000024452799,2.9542465678514906
3.000000024452799,3.041934894973247
2.799999996498484,3.049925338272371
3.0999999778761107,2.9186608286350877
3.2000000524071144,3.0762456729627026
3.800000015162368,3.1611226666775014
3.699999940631365,3.5655883265112074
3.89999996858568,3.5094174890180496
3.800000015162368,3.64483817242749
4.000000043116684,3.6008585196362484
3.699999940631365,3.76644204258604
3.599999987208053,3.597619252199805
2.9000000104756416,3.560280781911733
3.000000024452799,3.1624860970734145
2.799999996498484,3.1849537538676027
3.000000024452799,3.0751735065659167
2.9000000104756416,3.1559382886007348
2.799999996498484,3.08891208424781
3.000000024452799,2.993076358258169
2.799999996498484,3.0787693150474453
2.9000000104756416,2.9564000442758047
3.000000024452799,2.97997171878976
2.699999982521326,3.0366130596661227
3.000000024452799,2.853463168768989
2.9000000104756416,2.99616036563354
3.000000024452799,2.9559954234770176
2.799999996498484,3.0029578981670095
2.9000000104756416,2.885517589349824
3.000000024452799,2.925963864674734
2.9000000104756416,2.9960631767107544
3.000000024452799,2.9410960891216806
2.9000000104756416,2.992450776475429
2.699999982521326,2.939821249002425
3.000000024452799,2.812133170615959
2.9000000104756416,2.974025028346048
2.9000000104756416,2.9391196721429895
2.9000000104756416,2.927240158086293
2.799999996498484,2.9257025142755175
2.799999996498484,2.8651553292262477
3.000000024452799,2.855265493440509
2.699999982521326,2.976492658123266
3.000000024452799,2.8098585864997006
3.000000024452799,2.961207353553702
2.799999996498484,2.988033918396362
2.9000000104756416,2.864908632857756
2.9000000104756416,2.9087522211570978
2.699999982521326,2.920799106044062
3.0999999778761107,2.8015704604937763
3.599999987208053,3.0264127643120844
17.399999978332737,3.3927643801985043
16.400000201884236,9.160359194663098
16.999999680208724,9.389686297975654
18.700000947235786,9.188990506331116
18.199999605719228,9.459411871674334
18.099999531188224,9.165469454832394
17.600000127394743,9.143137196437799
18.700000947235786,8.990010568466051
11.999999829104683,9.377026184290528
2.799999996498484,5.255878694367379
3.0999999778761107,1.8609419739596087
2.9000000104756416,2.679422816798394
2.699999982521326,3.090336674028155
2.9000000104756416,3.1660573206934783
3.000000024452799,3.282676519359279
3.0999999778761107,3.328649241436853
2.799999996498484,3.347989292086571
2.699999982521326,3.1272063364407092
3.300000005830426,2.995493183358617
2.799999996498484,3.3119833697329657
2.9000000104756416,3.0281079086762337
2.799999996498484,3.0185528751048762
2.9000000104756416,2.949663247249845
3.300000005830426,2.985116494651261
14.699999903718709,3.232893143754666
14.900000052780717,8.728650965064901
12.89999953102218,9.096693849869329
12.700000350821709,7.375997700442765
14.299999605594696,7.654153971855102
13.900000276332216,8.59974442218978
15.00000012731172,8.051247685372445
16.400000201884236,8.744907977200784
12.700000350821709,9.139508809987138
3.399999959253738,6.578596559694636
3.399999959253738,2.037303449461707
3.5000000337847412,2.898267928265449
3.300000005830426,3.506599070811114
3.5000000337847412,3.6278683204168214
3.300000005830426,3.7787721378106176
3.399999959253738,3.650258226072781
3.5000000337847412,3.6569026784836325
3.300000005830426,3.687109359008468
3.5000000337847412,3.5326848199021486
3.399999959253738,3.6144709031031357
3.399999959253738,3.54053683710938
3.399999959253738,3.514015221435036
3.399999959253738,3.4990242691107434
5.10000001520388,3.48675170003984
13.600000052739205,4.6758748226291065
12.300000052697694,9.040177249915669
12.700000350821709,7.8410497842179305
15.999999903760221,7.981640797211871
17.19999982927073,9.318381964404784
18.40000072364277,9.324628214724521
18.300000649111766,9.495665217042582
18.300000649111766,9.326005935828084
13.900000276332216,9.296148529886818
3.000000024452799,6.9823652447612
3.2000000524071144,1.695209549102571
3.0999999778761107,2.523828922372503
3.000000024452799,3.0950859121677645
3.300000005830426,3.3030658470520047
3.000000024452799,3.5406403841859926
3.2000000524071144,3.3748698709598384
3.399999959253738,3.430082019963562
3.0999999778761107,3.532801325501799
3.0999999778761107,3.325510130061648
3.0999999778761107,3.2748551423981094
3.2000000524071144,3.254302198213566
2.9000000104756416,3.2976988385757857
3.0999999778761107,3.1041936950327704
5.59999990342813,3.1827082961512567
16.700000425477246,4.971713543711515
19.499999605760742,9.580511328295934
18.999999233105726,10.11892415425119
18.099999531188224,9.598148968119986
18.899999158574722,9.164544192065936
18.799999084043712,9.392863194950746
18.899999158574722,9.316817253024858
18.300000649111766,9.3483769486841
13.399999903677198,9.169621995373792
3.300000005830426,6.540319747009376
3.300000005830426,1.7429481878517747
3.0999999778761107,2.6390090588887714
3.300000005830426,3.145236486294354
3.5000000337847412,3.506286612965896
3.2000000524071144,3.7193269116503522
3.800000015162368,3.538186136808734
3.399999959253738,3.862409594298363
3.300000005830426,3.6041370259648824
3.399999959253738,3.4935070870965124
3.5000000337847412,3.533255721561975
3.399999959253738,3.5884694449656944
3.300000005830426,3.5124800603319457
3.300000005830426,3.4288990400286465
5.200000089734884,3.4125480483238153
13.499999978208201,4.742876199905183
13.199999754615192,9.026548274694985
14.299999605594696,8.395864467108634
14.100000425394224,8.602788100703734
14.599999829187706,8.170474817076581
14.499999754656702,8.474693463795408
14.799999978249714,8.323678953971175
14.19999953106369,8.524695438783983
9.599999978083668,8.135029986659756
3.5000000337847412,4.64024372858207
3.399999959253738,2.7832268233795334
3.89999996858568,3.3659591303096263
3.800000015162368,3.9899062014238647
3.89999996858568,4.094174474342074
4.200000071070999,4.150858687341385
3.800000015162368,4.312896419286421
4.099999996539996,4.016144061775982
3.89999996858568,4.168273973443026
3.699999940631365,4.0259688021772995
4.099999996539996,3.8737559317412735
3.800000015162368,4.114595653357781
4.000000043116684,3.9125564140865015
4.000000043116684,4.018781545091152
3.89999996858568,4.015787399623205
3.89999996858568,3.9392676844064303
4.000000043116684,3.9325164150112837
3.89999996858568,3.9972905007248056
4.000000043116684,3.9284157085620377
4.000000043116684,3.9885861275816676
4.000000043116684,3.9886260931200095
3.89999996858568,3.9852508217455123
4.000000043116684,3.918337005330712
3.699999940631365,3.9837528407038487
3.800000015162368,3.7898943049157383
4.000000043116684,3.847541081850626
3.89999996858568,3.985640425190498
4.099999996539996,3.9145199330960003
3.699999940631365,4.038777636108135
3.89999996858568,3.7756734764045214
3.699999940631365,3.898802819050807
3.89999996858568,3.7815396907869365
4.000000043116684,3.9036995663592053
4.099999996539996,3.9731759004278624
3.89999996858568,4.033004674648517
3.800000015162368,3.8940320237420316
3.89999996858568,3.8304480633172497
4.000000043116684,3.9039855016198866
3.699999940631365,3.976906986201293
4.000000043116684,3.77805796575122
4.200000071070999,3.9669582315234235
3.699999940631365,4.111369828875143
4.000000043116684,3.770230896728529
3.800000015162368,3.9601720831129974
3.800000015162368,3.8465897809304006
4.099999996539996,3.8411985509157924
3.800000015162368,4.0429645712340445
4.099999996539996,3.84213253343607
3.89999996858568,4.03241076252722
3.89999996858568,3.906017325367642
3.800000015162368,3.9026653066699977
3.89999996858568,3.84365340383151
3.800000015162368,3.909797823079386
3.800000015162368,3.846685819330113
4.800000033826253,3.840788480270868
4.099999996539996,4.534731316344514
3.699999940631365,3.9955385568531345
4.200000071070999,3.7470501578441704
3.699999940631365,4.104116931419962
3.699999940631365,3.8012801234662232
3.699999940631365,3.7899457756848154
3.800000015162368,3.795744654190509
4.2999999033866185,3.8557469757337195
18.600000872704783,4.186755491664547
19.299999456698735,9.696864816685608
19.499999605760742,10.231949603266225
19.39999953122974,9.87540080728888
20.300000202008768,9.612799607829913
19.299999456698735,9.732776638362573
20.40000027653977,9.41943712914801
19.899999903884755,9.706499175795189
12.999999605553183,9.55219247447313
5.50000007111251,5.885550283864456
5.399999996581506,2.5428848543769185
5.59999990342813,4.224182128352355
5.59999990342813,4.9709871397752305
5.59999990342813,5.150714587851855
5.59999990342813,5.2097662140133
4.399999977917622,5.231699543670628
5.50000007111251,4.450955312657183
5.50000007111251,5.254379381141104
5.50000007111251,5.2100433084124695
5.59999990342813,5.165964952852294
5.699999977959134,5.22312657237325
5.800000052490137,5.278774830175667
5.699999977959134,5.333346925027463
5.50000007111251,5.245310594952905
10.899999978125178,5.121439467693458
10.200000425269689,8.517712369266453
10.799999903594175,7.148543890909208
9.599999978083668,7.685107160193085
17.299999903801734,6.445434776955347
18.40000072364277,10.159510732837218
16.999999680208724,10.066089228132647
17.50000005286374,9.222679275214745
9.999999791776915,9.408174113797156
3.699999940631365,4.116212441045242
3.599999987208053,2.8090265766560405
3.699999940631365,3.4846039762308934
3.89999996858568,3.9078686986544
3.699999940631365,4.1703175446369
3.699999940631365,4.060447677643175
3.599999987208053,4.008981389551299
3.399999959253738,3.9024636623629103
3.699999940631365,3.7317879242899217
3.699999940631365,3.866398397240252
3.800000015162368,3.847683504496353
3.699999940631365,3.8775740939452126
3.599999987208053,3.7905486497753156
3.599999987208053,3.706528735196409
3.699999940631365,3.6938936908035154
18.300000649111766,3.7515512463229856
18.700000947235786,9.493755590955999
18.300000649111766,10.11898277037409
17.900000350987753,9.59167551977016
16.899999605677717,9.251035914637434
17.299999903801734,8.835935909481758
16.300000127353233,9.076121044023306
15.100000201842724,8.63976809222365
9.999999791776915,8.220302396988753
3.000000024452799,4.547778974643863
3.2000000524071144,2.400747568649151
3.0999999778761107,3.0732713891562335
3.699999940631365,3.4046251831167957
3.300000005830426,3.89309404466792
3.399999959253738,3.7078693973462364
3.300000005830426,3.7000453560158437
3.399999959253738,3.6005122727449788
3.300000005830426,3.613274116891339
3.399999959253738,3.521322132920825
3.2000000524071144,3.544622283989441
3.800000015162368,3.4007008094670215
3.399999959253738,3.7513058821391057
3.000000024452799,3.5002336505225027
4.800000033826253,3.222021427356487
10.699999829063172,4.410593025516637
6.8999999034696415,8.140844609165402
7.300000201593655,4.2297114211357805
6.799999828938637,5.70958298740733
7.200000127062652,5.320968750049184
7.499999866224895,5.88190663784461
6.299999940714388,6.092422325582787
5.899999884805757,5.121932618215056
4.599999884764245,5.192487537388173
3.000000024452799,4.4933282296993955
2.799999996498484,3.735031672710967
3.399999959253738,3.5306022520314677
3.2000000524071144,3.791282925711576
3.000000024452799,3.6782081858659197
3.2000000524071144,3.472622792266809
3.2000000524071144,3.498747053603882
3.000000024452799,3.457991045356824
3.0999999778761107,3.2880882165738257
3.599999987208053,3.288996039832643
3.000000024452799,3.584551247808209
3.2000000524071144,3.209171659025775
3.2000000524071144,3.269836197428539
3.000000024452799,3.278455189648856
3.800000015162368,3.1467468203205953
17.80000027645675,3.6404408732406717
19.39999953122974,9.344271882357944
19.599999680291745,10.148852287084551
19.39999953122974,9.805486305590769
18.799999084043712,9.530909008690777
18.799999084043712,9.295619531488402
18.799999084043712,9.308762138218237
16.799999531146714,9.312934540421114
11.300000276249193,8.612934503134856
3.000000024452799,5.10609948300098
2.799999996498484,2.024887322360465
3.000000024452799,2.641053477836489
3.0999999778761107,3.1509341187695816
3.0999999778761107,3.4235732081676886
3.300000005830426,3.470097333566687
3.0999999778761107,3.5579027112727077
3.2000000524071144,3.4041034511798984
3.000000024452799,3.4043916874867266
3.2000000524071144,3.2554585344562534
3.2000000524071144,3.3295381718957273
3.300000005830426,3.320662673583871
3.0999999778761107,3.3613286988158144
3.0999999778761107,3.22609767005196
2.9000000104756416,3.2000942741914473
3.0999999778761107,3.071194392239383
2.9000000104756416,3.1652557088804967
3.0999999778761107,3.0489200233215383
3.0999999778761107,3.140879152645877
2.799999996498484,3.1465153835212893
3.399999959253738,2.9539326567139703
2.9000000104756416,3.295589505905186
3.000000024452799,3.0201187975617207
2.9000000104756416,3.0376927347398093
2.799999996498484,2.984217027823188
3.000000024452799,2.9150196047690793
3.0999999778761107,3.0222570749706956
3.000000024452799,3.0970036524697084
3.5000000337847412,3.03533307246996
3.399999959253738,3.347133181812214
3.000000024452799,3.3101301798308285
3.2000000524071144,3.054251305028634
3.300000005830426,3.168340321794327
3.2000000524071144,3.2648202801512674
3.300000005830426,3.214123510334008
3.2000000524071144,3.27543185722715
2.799999996498484,3.2240996353502567
3.0999999778761107,2.979503819221932
2.9000000104756416,3.1290841112043113
3.000000024452799,3.0323122833097846
2.9000000104756416,3.068081076802562
3.000000024452799,3.00633867994149
3.2000000524071144,3.0492613047974384
3.000000024452799,3.175764102202842
3.0999999778761107,3.0584981884620572
3.0999999778761107,3.1016047759020697
2.799999996498484,3.111323425965244
3.0999999778761107,2.930000868478017
2.9000000104756416,3.087408895575393
3.0999999778761107,2.989895283067705
3.0999999778761107,3.0930349534046817
3.000000024452799,3.1065406409949654
3.2000000524071144,3.0420105872807124
3.300000005830426,3.1601223171420387
3.699999940631365,3.2419495769582873
3.300000005830426,3.516631147581041
3.399999959253738,3.2675835943583684
3.5000000337847412,3.326468818551082
3.399999959253738,3.421602543804365
3.2000000524071144,3.3769455356920774
3.300000005830426,3.2575652027576307
3.000000024452799,3.3208967747524003
3.300000005830426,3.149975309172456
13.800000201801213,3.3137955041275333
14.399999680125699,8.63073539612765
12.89999953102218,9.039493233671564
14.900000052780717,7.536475565315554
16.400000201884236,8.820353709405392
17.099999754739727,9.105846684795736
17.50000005286374,9.142935673238403
17.19999982927073,9.172343527427172
11.999999829104683,9.006921077707666
3.2000000524071144,5.650642295891706
3.300000005830426,2.0261333199259606
3.2000000524071144,2.8738472282771155
3.2000000524071144,3.337796505409433
3.399999959253738,3.5382974347776313
3.599999987208053,3.6970837885170296
1.800099997649684,3.8119793825110735
